recordType,valid,arm,pane,rep,at,openMs,bubbles,contentHash,expectedHash,readiness,harness,configCaptureMs,configHash,configProtocol,uptimeBefore,uptimeAfter,error
timing,True,start,header,round1-1,2026-09-15T05:04:55.710Z,1079.8999999985099,50,7a44c46874ff5d13af751cde49316199040bbbdf981d2a021f1623faed50853d,7a44c46874ff5d13af751cde49316199040bbbdf981d2a021f1623faed50853d,visible source counts then runtime idle,,,,live config fetch during mount,"22:04  up  7:36, 14 users, load averages: 11.07 21.38 32.26","22:05  up  7:36, 14 users, load averages: 10.83 21.16 32.12",
timing,True,start,cf-person-inbox,round1-1,2026-09-15T05:05:03.658Z,127.39999999850988,50,7a44c46874ff5d13af751cde49316199040bbbdf981d2a021f1623faed50853d,7a44c46874ff5d13af751cde49316199040bbbdf981d2a021f1623faed50853d,visible source counts then runtime idle,,,,live config fetch during mount,"22:05  up  7:36, 14 users, load averages: 10.83 21.16 32.12","22:05  up  7:36, 14 users, load averages: 10.55 20.76 31.85",
timing,True,r1,header,round1-1,2026-09-15T05:05:12.883Z,1533.300000000745,50,7a44c46874ff5d13af751cde49316199040bbbdf981d2a021f1623faed50853d,7a44c46874ff5d13af751cde49316199040bbbdf981d2a021f1623faed50853d,visible source counts then runtime idle,,,,live config fetch during mount,"22:05  up  7:36, 14 users, load averages: 10.55 20.76 31.85","22:05  up  7:36, 14 users, load averages: 9.70 20.07 31.41",
timing,True,r1,cf-person-inbox,round1-1,2026-09-15T05:05:26.893Z,201.10000000149012,50,7a44c46874ff5d13af751cde49316199040bbbdf981d2a021f1623faed50853d,7a44c46874ff5d13af751cde49316199040bbbdf981d2a021f1623faed50853d,visible source counts then runtime idle,,,,live config fetch during mount,"22:05  up  7:36, 14 users, load averages: 9.70 20.07 31.41","22:05  up  7:36, 14 users, load averages: 9.72 19.90 31.28",
timing,True,r1,cf-person-inbox,round1-2,2026-09-15T05:05:32.735Z,169.39999999850988,50,7a44c46874ff5d13af751cde49316199040bbbdf981d2a021f1623faed50853d,7a44c46874ff5d13af751cde49316199040bbbdf981d2a021f1623faed50853d,visible source counts then runtime idle,,,,live config fetch during mount,"22:05  up  7:36, 14 users, load averages: 9.72 19.90 31.28","22:05  up  7:36, 14 users, load averages: 9.50 19.69 31.14",
timing,True,r1,header,round1-2,2026-09-15T05:05:38.515Z,1425.300000000745,50,7a44c46874ff5d13af751cde49316199040bbbdf981d2a021f1623faed50853d,7a44c46874ff5d13af751cde49316199040bbbdf981d2a021f1623faed50853d,visible source counts then runtime idle,,,,live config fetch during mount,"22:05  up  7:36, 14 users, load averages: 9.50 19.69 31.14","22:05  up  7:37, 14 users, load averages: 9.44 19.34 30.88",
timing,True,start,cf-person-inbox,round1-2,2026-09-15T05:05:49.663Z,123.30000000074506,50,7a44c46874ff5d13af751cde49316199040bbbdf981d2a021f1623faed50853d,7a44c46874ff5d13af751cde49316199040bbbdf981d2a021f1623faed50853d,visible source counts then runtime idle,,,,live config fetch during mount,"22:05  up  7:37, 14 users, load averages: 9.44 19.34 30.88","22:05  up  7:37, 14 users, load averages: 10.13 19.31 30.80",
timing,True,start,header,round1-2,2026-09-15T05:05:54.830Z,956.5,50,7a44c46874ff5d13af751cde49316199040bbbdf981d2a021f1623faed50853d,7a44c46874ff5d13af751cde49316199040bbbdf981d2a021f1623faed50853d,visible source counts then runtime idle,,,,live config fetch during mount,"22:05  up  7:37, 14 users, load averages: 10.13 19.31 30.80","22:06  up  7:37, 14 users, load averages: 9.92 18.97 30.55",
timing,True,start,header,round1-3,2026-09-15T05:06:04.413Z,1389.5,50,7a44c46874ff5d13af751cde49316199040bbbdf981d2a021f1623faed50853d,7a44c46874ff5d13af751cde49316199040bbbdf981d2a021f1623faed50853d,visible source counts then runtime idle,,,,live config fetch during mount,"22:06  up  7:37, 14 users, load averages: 9.92 18.97 30.55","22:06  up  7:37, 14 users, load averages: 9.31 18.54 30.26",
timing,True,start,cf-person-inbox,round1-3,2026-09-15T05:06:13.252Z,98.30000000074506,50,7a44c46874ff5d13af751cde49316199040bbbdf981d2a021f1623faed50853d,7a44c46874ff5d13af751cde49316199040bbbdf981d2a021f1623faed50853d,visible source counts then runtime idle,,,,live config fetch during mount,"22:06  up  7:37, 14 users, load averages: 9.31 18.54 30.26","22:06  up  7:37, 14 users, load averages: 9.62 18.31 30.04",
timing,True,r1,header,round1-3,2026-09-15T05:06:24.162Z,944.5,50,7a44c46874ff5d13af751cde49316199040bbbdf981d2a021f1623faed50853d,7a44c46874ff5d13af751cde49316199040bbbdf981d2a021f1623faed50853d,visible source counts then runtime idle,,,,live config fetch during mount,"22:06  up  7:37, 14 users, load averages: 9.62 18.31 30.04","22:06  up  7:37, 14 users, load averages: 8.83 17.85 29.74",
timing,True,r1,cf-person-inbox,round1-3,2026-09-15T05:06:32.509Z,121.10000000149012,50,7a44c46874ff5d13af751cde49316199040bbbdf981d2a021f1623faed50853d,7a44c46874ff5d13af751cde49316199040bbbdf981d2a021f1623faed50853d,visible source counts then runtime idle,,,,live config fetch during mount,"22:06  up  7:37, 14 users, load averages: 8.83 17.85 29.74","22:06  up  7:37, 14 users, load averages: 8.60 17.66 29.60",
diagnostic,True,start,header,round1-profile,2026-09-15T05:08:02.233Z,2724.60000000149,50,7a44c46874ff5d13af751cde49316199040bbbdf981d2a021f1623faed50853d,7a44c46874ff5d13af751cde49316199040bbbdf981d2a021f1623faed50853d,visible source counts then runtime idle,,,,live config fetch during mount,"22:08  up  7:39, 14 users, load averages: 12.79 16.45 27.98","22:08  up  7:39, 14 users, load averages: 15.33 16.82 27.91",
diagnostic,True,r1,header,round1-profile,2026-09-15T05:08:19.690Z,1136,50,7a44c46874ff5d13af751cde49316199040bbbdf981d2a021f1623faed50853d,7a44c46874ff5d13af751cde49316199040bbbdf981d2a021f1623faed50853d,visible source counts then runtime idle,,,,live config fetch during mount,"22:08  up  7:39, 14 users, load averages: 15.33 16.82 27.91","22:08  up  7:39, 14 users, load averages: 14.81 16.66 27.66",
timing,True,start,header,round2-1,2026-09-15T05:10:30.090Z,1071.800000000745,50,7a44c46874ff5d13af751cde49316199040bbbdf981d2a021f1623faed50853d,7a44c46874ff5d13af751cde49316199040bbbdf981d2a021f1623faed50853d,visible source counts then runtime idle,,,,live config fetch during mount,"22:10  up  7:41, 14 users, load averages: 7.67 13.35 24.95","22:10  up  7:41, 14 users, load averages: 8.60 13.36 24.82",
timing,True,start,cf-person-inbox,round2-1,2026-09-15T05:10:37.535Z,96.09999999776483,50,7a44c46874ff5d13af751cde49316199040bbbdf981d2a021f1623faed50853d,7a44c46874ff5d13af751cde49316199040bbbdf981d2a021f1623faed50853d,visible source counts then runtime idle,,,,live config fetch during mount,"22:10  up  7:41, 14 users, load averages: 8.60 13.36 24.82","22:10  up  7:42, 14 users, load averages: 8.65 13.21 24.64",
timing,True,r2,header,round2-1,2026-09-15T05:10:49.711Z,896.1999999992549,50,7a44c46874ff5d13af751cde49316199040bbbdf981d2a021f1623faed50853d,7a44c46874ff5d13af751cde49316199040bbbdf981d2a021f1623faed50853d,visible source counts then runtime idle,,,,live config fetch during mount,"22:10  up  7:42, 14 users, load averages: 8.65 13.21 24.64","22:10  up  7:42, 14 users, load averages: 8.55 13.04 24.44",
timing,True,r2,cf-person-inbox,round2-1,2026-09-15T05:10:57.545Z,113.40000000223517,50,7a44c46874ff5d13af751cde49316199040bbbdf981d2a021f1623faed50853d,7a44c46874ff5d13af751cde49316199040bbbdf981d2a021f1623faed50853d,visible source counts then runtime idle,,,,live config fetch during mount,"22:10  up  7:42, 14 users, load averages: 8.55 13.04 24.44","22:11  up  7:42, 14 users, load averages: 8.58 12.98 24.35",
timing,True,r2,cf-person-inbox,round2-2,2026-09-15T05:11:01.480Z,114,50,7a44c46874ff5d13af751cde49316199040bbbdf981d2a021f1623faed50853d,7a44c46874ff5d13af751cde49316199040bbbdf981d2a021f1623faed50853d,visible source counts then runtime idle,,,,live config fetch during mount,"22:11  up  7:42, 14 users, load averages: 8.58 12.98 24.35","22:11  up  7:42, 14 users, load averages: 9.10 13.01 24.29",
timing,True,r2,header,round2-2,2026-09-15T05:11:05.965Z,973.5999999977648,50,7a44c46874ff5d13af751cde49316199040bbbdf981d2a021f1623faed50853d,7a44c46874ff5d13af751cde49316199040bbbdf981d2a021f1623faed50853d,visible source counts then runtime idle,,,,live config fetch during mount,"22:11  up  7:42, 14 users, load averages: 9.10 13.01 24.29","22:11  up  7:42, 14 users, load averages: 9.17 12.96 24.21",
timing,True,start,cf-person-inbox,round2-2,2026-09-15T05:11:14.329Z,89.5,50,7a44c46874ff5d13af751cde49316199040bbbdf981d2a021f1623faed50853d,7a44c46874ff5d13af751cde49316199040bbbdf981d2a021f1623faed50853d,visible source counts then runtime idle,,,,live config fetch during mount,"22:11  up  7:42, 14 users, load averages: 9.17 12.96 24.21","22:11  up  7:42, 14 users, load averages: 9.36 12.88 24.05",
timing,True,start,header,round2-2,2026-09-15T05:11:24.007Z,1026.7999999970198,50,7a44c46874ff5d13af751cde49316199040bbbdf981d2a021f1623faed50853d,7a44c46874ff5d13af751cde49316199040bbbdf981d2a021f1623faed50853d,visible source counts then runtime idle,,,,live config fetch during mount,"22:11  up  7:42, 14 users, load averages: 9.36 12.88 24.05","22:11  up  7:42, 14 users, load averages: 9.70 12.83 23.90",
timing,True,start,header,round2-3,2026-09-15T05:11:31.885Z,1013.6000000014901,50,7a44c46874ff5d13af751cde49316199040bbbdf981d2a021f1623faed50853d,7a44c46874ff5d13af751cde49316199040bbbdf981d2a021f1623faed50853d,visible source counts then runtime idle,,,,live config fetch during mount,"22:11  up  7:42, 14 users, load averages: 9.70 12.83 23.90","22:11  up  7:42, 14 users, load averages: 9.33 12.70 23.79",
timing,True,start,cf-person-inbox,round2-3,2026-09-15T05:11:39.769Z,118.69999999925494,50,7a44c46874ff5d13af751cde49316199040bbbdf981d2a021f1623faed50853d,7a44c46874ff5d13af751cde49316199040bbbdf981d2a021f1623faed50853d,visible source counts then runtime idle,,,,live config fetch during mount,"22:11  up  7:42, 14 users, load averages: 9.33 12.70 23.79","22:11  up  7:43, 14 users, load averages: 9.22 12.62 23.70",
timing,True,r2,header,round2-3,2026-09-15T05:11:43.743Z,906.6999999992549,50,7a44c46874ff5d13af751cde49316199040bbbdf981d2a021f1623faed50853d,7a44c46874ff5d13af751cde49316199040bbbdf981d2a021f1623faed50853d,visible source counts then runtime idle,,,,live config fetch during mount,"22:11  up  7:43, 14 users, load averages: 9.22 12.62 23.70","22:11  up  7:43, 14 users, load averages: 9.04 12.53 23.60",
timing,True,r2,cf-person-inbox,round2-3,2026-09-15T05:11:50.520Z,109.60000000149012,50,7a44c46874ff5d13af751cde49316199040bbbdf981d2a021f1623faed50853d,7a44c46874ff5d13af751cde49316199040bbbdf981d2a021f1623faed50853d,visible source counts then runtime idle,,,,live config fetch during mount,"22:11  up  7:43, 14 users, load averages: 9.36 12.54 23.54","22:11  up  7:43, 14 users, load averages: 9.36 12.54 23.54",
diagnostic,True,start,header,journal-count,2026-09-15T05:16:30.827Z,2102.60000000149,50,7a44c46874ff5d13af751cde49316199040bbbdf981d2a021f1623faed50853d,7a44c46874ff5d13af751cde49316199040bbbdf981d2a021f1623faed50853d,visible source counts then runtime idle,,,,live config fetch during mount,"22:16  up  7:47, 14 users, load averages: 6.56 10.81 19.92","22:16  up  7:48, 14 users, load averages: 9.93 11.42 20.04",
diagnostic,True,r2,header,cache-count,2026-09-15T05:17:40.760Z,1189.199999999255,50,7a44c46874ff5d13af751cde49316199040bbbdf981d2a021f1623faed50853d,7a44c46874ff5d13af751cde49316199040bbbdf981d2a021f1623faed50853d,visible source counts then runtime idle,,,,live config fetch during mount,"22:17  up  7:48, 14 users, load averages: 8.64 10.79 19.21","22:17  up  7:49, 14 users, load averages: 8.59 10.74 19.15",
timing,True,r2,header,round3-1,2026-09-15T05:23:12.184Z,1402.699999999255,50,7a44c46874ff5d13af751cde49316199040bbbdf981d2a021f1623faed50853d,7a44c46874ff5d13af751cde49316199040bbbdf981d2a021f1623faed50853d,visible source counts then runtime idle,,,,live config fetch during mount,"22:23  up  7:54, 14 users, load averages: 10.12 11.03 16.79","22:23  up  7:54, 14 users, load averages: 9.56 10.88 16.67",
timing,True,r2,cf-person-inbox,round3-1,2026-09-15T05:23:23.133Z,150.89999999850988,50,7a44c46874ff5d13af751cde49316199040bbbdf981d2a021f1623faed50853d,7a44c46874ff5d13af751cde49316199040bbbdf981d2a021f1623faed50853d,visible source counts then runtime idle,,,,live config fetch during mount,"22:23  up  7:54, 14 users, load averages: 9.56 10.88 16.67","22:23  up  7:54, 14 users, load averages: 8.93 10.71 16.54",
timing,True,r3,header,round3-1,2026-09-15T05:23:35.209Z,1291.5,50,7a44c46874ff5d13af751cde49316199040bbbdf981d2a021f1623faed50853d,7a44c46874ff5d13af751cde49316199040bbbdf981d2a021f1623faed50853d,visible source counts then runtime idle,,,,live config fetch during mount,"22:23  up  7:54, 14 users, load averages: 8.93 10.71 16.54","22:23  up  7:55, 14 users, load averages: 8.42 10.53 16.41",
timing,True,r3,cf-person-inbox,round3-1,2026-09-15T05:23:45.187Z,125,50,7a44c46874ff5d13af751cde49316199040bbbdf981d2a021f1623faed50853d,7a44c46874ff5d13af751cde49316199040bbbdf981d2a021f1623faed50853d,visible source counts then runtime idle,,,,live config fetch during mount,"22:23  up  7:55, 14 users, load averages: 8.42 10.53 16.41","22:23  up  7:55, 14 users, load averages: 13.89 11.65 16.73",
timing,True,r3,cf-person-inbox,round3-2,2026-09-15T05:23:51.686Z,124.40000000223517,50,7a44c46874ff5d13af751cde49316199040bbbdf981d2a021f1623faed50853d,7a44c46874ff5d13af751cde49316199040bbbdf981d2a021f1623faed50853d,visible source counts then runtime idle,,,,live config fetch during mount,"22:23  up  7:55, 14 users, load averages: 13.89 11.65 16.73","22:23  up  7:55, 14 users, load averages: 15.50 12.02 16.83",
timing,True,r3,header,round3-2,2026-09-15T05:23:58.808Z,1110.5999999977648,50,7a44c46874ff5d13af751cde49316199040bbbdf981d2a021f1623faed50853d,7a44c46874ff5d13af751cde49316199040bbbdf981d2a021f1623faed50853d,visible source counts then runtime idle,,,,live config fetch during mount,"22:23  up  7:55, 14 users, load averages: 15.50 12.02 16.83","22:24  up  7:55, 14 users, load averages: 19.57 13.02 17.13",
timing,True,r2,cf-person-inbox,round3-2,2026-09-15T05:24:09.980Z,135.89999999850988,50,7a44c46874ff5d13af751cde49316199040bbbdf981d2a021f1623faed50853d,7a44c46874ff5d13af751cde49316199040bbbdf981d2a021f1623faed50853d,visible source counts then runtime idle,,,,live config fetch during mount,"22:24  up  7:55, 14 users, load averages: 19.57 13.02 17.13","22:24  up  7:55, 14 users, load averages: 21.22 13.59 17.29",
timing,True,r2,header,round3-2,2026-09-15T05:24:20.581Z,902.6000000014901,50,7a44c46874ff5d13af751cde49316199040bbbdf981d2a021f1623faed50853d,7a44c46874ff5d13af751cde49316199040bbbdf981d2a021f1623faed50853d,visible source counts then runtime idle,,,,live config fetch during mount,"22:24  up  7:55, 14 users, load averages: 21.22 13.59 17.29","22:24  up  7:55, 14 users, load averages: 23.68 14.37 17.52",
timing,True,r2,header,round3-3,2026-09-15T05:24:27.913Z,944.1999999992549,50,7a44c46874ff5d13af751cde49316199040bbbdf981d2a021f1623faed50853d,7a44c46874ff5d13af751cde49316199040bbbdf981d2a021f1623faed50853d,visible source counts then runtime idle,,,,live config fetch during mount,"22:24  up  7:55, 14 users, load averages: 23.68 14.37 17.52","22:24  up  7:55, 14 users, load averages: 23.31 14.44 17.53",
timing,True,r2,cf-person-inbox,round3-3,2026-09-15T05:24:35.214Z,346.3999999985099,50,7a44c46874ff5d13af751cde49316199040bbbdf981d2a021f1623faed50853d,7a44c46874ff5d13af751cde49316199040bbbdf981d2a021f1623faed50853d,visible source counts then runtime idle,,,,live config fetch during mount,"22:24  up  7:55, 14 users, load averages: 23.31 14.44 17.53","22:24  up  7:55, 14 users, load averages: 27.96 15.73 17.95",
timing,True,r3,header,round3-3,2026-09-15T05:24:41.602Z,819.3999999985099,50,7a44c46874ff5d13af751cde49316199040bbbdf981d2a021f1623faed50853d,7a44c46874ff5d13af751cde49316199040bbbdf981d2a021f1623faed50853d,visible source counts then runtime idle,,,,live config fetch during mount,"22:24  up  7:56, 14 users, load averages: 27.96 15.73 17.95","22:24  up  7:56, 14 users, load averages: 28.12 15.96 18.02",
timing,True,r3,cf-person-inbox,round3-3,2026-09-15T05:24:47.770Z,143.09999999776483,50,7a44c46874ff5d13af751cde49316199040bbbdf981d2a021f1623faed50853d,7a44c46874ff5d13af751cde49316199040bbbdf981d2a021f1623faed50853d,visible source counts then runtime idle,,,,live config fetch during mount,"22:24  up  7:56, 14 users, load averages: 28.12 15.96 18.02","22:24  up  7:56, 14 users, load averages: 28.43 16.23 18.10",
timing,True,r3,cf-person-inbox,round3-4,2026-09-15T05:25:19.065Z,206.5,50,7a44c46874ff5d13af751cde49316199040bbbdf981d2a021f1623faed50853d,7a44c46874ff5d13af751cde49316199040bbbdf981d2a021f1623faed50853d,visible source counts then runtime idle,,,,live config fetch during mount,"22:25  up  7:56, 14 users, load averages: 22.42 15.85 17.91","22:25  up  7:56, 14 users, load averages: 21.65 15.89 17.90",
timing,True,r3,header,round3-4,2026-09-15T05:25:30.605Z,1459.6000000014901,50,7a44c46874ff5d13af751cde49316199040bbbdf981d2a021f1623faed50853d,7a44c46874ff5d13af751cde49316199040bbbdf981d2a021f1623faed50853d,visible source counts then runtime idle,,,,live config fetch during mount,"22:25  up  7:56, 14 users, load averages: 21.65 15.89 17.90","22:25  up  7:56, 14 users, load averages: 20.83 15.90 17.88",
timing,True,r2,cf-person-inbox,round3-4,2026-09-15T05:25:40.293Z,224.89999999850988,50,7a44c46874ff5d13af751cde49316199040bbbdf981d2a021f1623faed50853d,7a44c46874ff5d13af751cde49316199040bbbdf981d2a021f1623faed50853d,visible source counts then runtime idle,,,,live config fetch during mount,"22:25  up  7:56, 14 users, load averages: 20.83 15.90 17.88","22:25  up  7:57, 14 users, load averages: 23.54 16.73 18.14",
timing,True,r2,header,round3-4,2026-09-15T05:25:52.738Z,1077.9000000022352,50,7a44c46874ff5d13af751cde49316199040bbbdf981d2a021f1623faed50853d,7a44c46874ff5d13af751cde49316199040bbbdf981d2a021f1623faed50853d,visible source counts then runtime idle,,,,live config fetch during mount,"22:25  up  7:57, 14 users, load averages: 23.54 16.73 18.14","22:26  up  7:57, 14 users, load averages: 22.78 16.80 18.15",
timing,True,r2,header,round3-5,2026-09-15T05:26:02.389Z,2516.699999999255,50,7a44c46874ff5d13af751cde49316199040bbbdf981d2a021f1623faed50853d,7a44c46874ff5d13af751cde49316199040bbbdf981d2a021f1623faed50853d,visible source counts then runtime idle,,,,live config fetch during mount,"22:26  up  7:57, 14 users, load averages: 22.78 16.80 18.15","22:26  up  7:57, 14 users, load averages: 21.42 16.71 18.10",
timing,True,r2,cf-person-inbox,round3-5,2026-09-15T05:26:13.749Z,114,50,7a44c46874ff5d13af751cde49316199040bbbdf981d2a021f1623faed50853d,7a44c46874ff5d13af751cde49316199040bbbdf981d2a021f1623faed50853d,visible source counts then runtime idle,,,,live config fetch during mount,"22:26  up  7:57, 14 users, load averages: 21.42 16.71 18.10","22:26  up  7:57, 14 users, load averages: 23.61 17.33 18.30",
timing,True,r3,header,round3-5,2026-09-15T05:26:25.366Z,941.1999999992549,50,7a44c46874ff5d13af751cde49316199040bbbdf981d2a021f1623faed50853d,7a44c46874ff5d13af751cde49316199040bbbdf981d2a021f1623faed50853d,visible source counts then runtime idle,,,,live config fetch during mount,"22:26  up  7:57, 14 users, load averages: 23.61 17.33 18.30","22:26  up  7:57, 14 users, load averages: 26.50 18.17 18.59",
timing,True,r3,cf-person-inbox,round3-5,2026-09-15T05:26:33.827Z,121.19999999925494,50,7a44c46874ff5d13af751cde49316199040bbbdf981d2a021f1623faed50853d,7a44c46874ff5d13af751cde49316199040bbbdf981d2a021f1623faed50853d,visible source counts then runtime idle,,,,live config fetch during mount,"22:26  up  7:57, 14 users, load averages: 26.50 18.17 18.59","22:26  up  7:57, 14 users, load averages: 26.94 18.40 18.67",
timing,True,r3,cf-person-inbox,round3-6,2026-09-15T05:26:37.883Z,126.19999999925494,50,7a44c46874ff5d13af751cde49316199040bbbdf981d2a021f1623faed50853d,7a44c46874ff5d13af751cde49316199040bbbdf981d2a021f1623faed50853d,visible source counts then runtime idle,,,,live config fetch during mount,"22:26  up  7:57, 14 users, load averages: 26.94 18.40 18.67","22:26  up  7:58, 14 users, load averages: 25.50 18.24 18.61",
timing,True,r3,header,round3-6,2026-09-15T05:26:43.429Z,846.1000000014901,50,7a44c46874ff5d13af751cde49316199040bbbdf981d2a021f1623faed50853d,7a44c46874ff5d13af751cde49316199040bbbdf981d2a021f1623faed50853d,visible source counts then runtime idle,,,,live config fetch during mount,"22:26  up  7:58, 14 users, load averages: 25.50 18.24 18.61","22:26  up  7:58, 14 users, load averages: 24.26 18.10 18.56",
timing,True,r2,cf-person-inbox,round3-6,2026-09-15T05:26:49.624Z,122.39999999850988,50,7a44c46874ff5d13af751cde49316199040bbbdf981d2a021f1623faed50853d,7a44c46874ff5d13af751cde49316199040bbbdf981d2a021f1623faed50853d,visible source counts then runtime idle,,,,live config fetch during mount,"22:26  up  7:58, 14 users, load averages: 24.26 18.10 18.56","22:26  up  7:58, 14 users, load averages: 22.80 17.90 18.49",
timing,True,r2,header,round3-6,2026-09-15T05:26:53.581Z,860.3000000007451,50,7a44c46874ff5d13af751cde49316199040bbbdf981d2a021f1623faed50853d,7a44c46874ff5d13af751cde49316199040bbbdf981d2a021f1623faed50853d,visible source counts then runtime idle,,,,live config fetch during mount,"22:26  up  7:58, 14 users, load averages: 22.80 17.90 18.49","22:26  up  7:58, 14 users, load averages: 21.37 17.69 18.41",
diagnostic,True,r2,header,round3-profile,2026-09-15T05:27:19.773Z,886.8000000007451,50,7a44c46874ff5d13af751cde49316199040bbbdf981d2a021f1623faed50853d,7a44c46874ff5d13af751cde49316199040bbbdf981d2a021f1623faed50853d,visible source counts then runtime idle,,,,live config fetch during mount,"22:27  up  7:58, 14 users, load averages: 16.85 16.88 18.10","22:27  up  7:58, 14 users, load averages: 15.35 16.56 17.97",
diagnostic,True,r3,header,round3-profile,2026-09-15T05:27:28.395Z,1000.8000000007451,50,7a44c46874ff5d13af751cde49316199040bbbdf981d2a021f1623faed50853d,7a44c46874ff5d13af751cde49316199040bbbdf981d2a021f1623faed50853d,visible source counts then runtime idle,,,,live config fetch during mount,"22:27  up  7:58, 14 users, load averages: 15.35 16.56 17.97","22:27  up  7:58, 14 users, load averages: 14.60 16.38 17.90",
timing,True,r2,header,round4-1,2026-09-15T05:29:20.619Z,1901.5,50,7a44c46874ff5d13af751cde49316199040bbbdf981d2a021f1623faed50853d,7a44c46874ff5d13af751cde49316199040bbbdf981d2a021f1623faed50853d,visible source counts then runtime idle,,,,live config fetch during mount,"22:29  up 8 hrs, 14 users, load averages: 11.46 14.88 17.14","22:29  up 8 hrs, 14 users, load averages: 11.50 14.74 17.05",
timing,True,r2,cf-person-inbox,round4-1,2026-09-15T05:29:35.483Z,139,50,7a44c46874ff5d13af751cde49316199040bbbdf981d2a021f1623faed50853d,7a44c46874ff5d13af751cde49316199040bbbdf981d2a021f1623faed50853d,visible source counts then runtime idle,,,,live config fetch during mount,"22:29  up 8 hrs, 14 users, load averages: 11.50 14.74 17.05","22:29  up  8:01, 14 users, load averages: 10.58 14.43 16.92",
timing,True,r4,header,round4-1,2026-09-15T05:29:42.378Z,929.3000000007451,50,7a44c46874ff5d13af751cde49316199040bbbdf981d2a021f1623faed50853d,7a44c46874ff5d13af751cde49316199040bbbdf981d2a021f1623faed50853d,visible source counts then runtime idle,,,,live config fetch during mount,"22:29  up  8:01, 14 users, load averages: 10.58 14.43 16.92","22:29  up  8:01, 14 users, load averages: 9.57 14.09 16.77",
timing,True,r4,cf-person-inbox,round4-1,2026-09-15T05:29:51.301Z,117.70000000298023,50,7a44c46874ff5d13af751cde49316199040bbbdf981d2a021f1623faed50853d,7a44c46874ff5d13af751cde49316199040bbbdf981d2a021f1623faed50853d,visible source counts then runtime idle,,,,live config fetch during mount,"22:29  up  8:01, 14 users, load averages: 9.57 14.09 16.77","22:29  up  8:01, 14 users, load averages: 9.37 13.97 16.71",
timing,True,r4,cf-person-inbox,round4-2,2026-09-15T05:29:56.262Z,141.59999999776483,50,7a44c46874ff5d13af751cde49316199040bbbdf981d2a021f1623faed50853d,7a44c46874ff5d13af751cde49316199040bbbdf981d2a021f1623faed50853d,visible source counts then runtime idle,,,,live config fetch during mount,"22:29  up  8:01, 14 users, load averages: 9.37 13.97 16.71","22:30  up  8:01, 14 users, load averages: 9.50 13.92 16.67",
timing,True,r4,header,round4-2,2026-09-15T05:30:01.816Z,1219.9000000022352,50,7a44c46874ff5d13af751cde49316199040bbbdf981d2a021f1623faed50853d,7a44c46874ff5d13af751cde49316199040bbbdf981d2a021f1623faed50853d,visible source counts then runtime idle,,,,live config fetch during mount,"22:30  up  8:01, 14 users, load averages: 9.50 13.92 16.67","22:30  up  8:01, 14 users, load averages: 8.98 13.74 16.59",
timing,True,r2,cf-person-inbox,round4-2,2026-09-15T05:30:09.652Z,207.19999999925494,50,7a44c46874ff5d13af751cde49316199040bbbdf981d2a021f1623faed50853d,7a44c46874ff5d13af751cde49316199040bbbdf981d2a021f1623faed50853d,visible source counts then runtime idle,,,,live config fetch during mount,"22:30  up  8:01, 14 users, load averages: 8.98 13.74 16.59","22:30  up  8:01, 14 users, load averages: 8.58 13.58 16.52",
timing,True,r2,header,round4-2,2026-09-15T05:30:15.789Z,1872.300000000745,50,7a44c46874ff5d13af751cde49316199040bbbdf981d2a021f1623faed50853d,7a44c46874ff5d13af751cde49316199040bbbdf981d2a021f1623faed50853d,visible source counts then runtime idle,,,,live config fetch during mount,"22:30  up  8:01, 14 users, load averages: 8.58 13.58 16.52","22:30  up  8:01, 14 users, load averages: 10.79 13.76 16.52",
timing,True,r2,header,round4-3,2026-09-15T05:30:32.496Z,1717.5,50,7a44c46874ff5d13af751cde49316199040bbbdf981d2a021f1623faed50853d,7a44c46874ff5d13af751cde49316199040bbbdf981d2a021f1623faed50853d,visible source counts then runtime idle,,,,live config fetch during mount,"22:30  up  8:01, 14 users, load averages: 10.79 13.76 16.52","22:30  up  8:02, 14 users, load averages: 11.23 13.77 16.49",
timing,True,r2,cf-person-inbox,round4-3,2026-09-15T05:30:45.553Z,148.19999999925494,50,7a44c46874ff5d13af751cde49316199040bbbdf981d2a021f1623faed50853d,7a44c46874ff5d13af751cde49316199040bbbdf981d2a021f1623faed50853d,visible source counts then runtime idle,,,,live config fetch during mount,"22:30  up  8:02, 14 users, load averages: 11.23 13.77 16.49","22:30  up  8:02, 14 users, load averages: 10.85 13.60 16.39",
timing,True,r4,header,round4-3,2026-09-15T05:30:55.784Z,1037.9000000022352,50,7a44c46874ff5d13af751cde49316199040bbbdf981d2a021f1623faed50853d,7a44c46874ff5d13af751cde49316199040bbbdf981d2a021f1623faed50853d,visible source counts then runtime idle,,,,live config fetch during mount,"22:30  up  8:02, 14 users, load averages: 10.85 13.60 16.39","22:31  up  8:02, 14 users, load averages: 10.10 13.35 16.27",
timing,True,r4,cf-person-inbox,round4-3,2026-09-15T05:31:04.999Z,149.60000000149012,50,7a44c46874ff5d13af751cde49316199040bbbdf981d2a021f1623faed50853d,7a44c46874ff5d13af751cde49316199040bbbdf981d2a021f1623faed50853d,visible source counts then runtime idle,,,,live config fetch during mount,"22:31  up  8:02, 14 users, load averages: 10.10 13.35 16.27","22:31  up  8:02, 14 users, load averages: 9.61 13.19 16.20",
diagnostic,True,r4,header,journal-count,2026-09-15T05:31:16.526Z,2236,50,7a44c46874ff5d13af751cde49316199040bbbdf981d2a021f1623faed50853d,7a44c46874ff5d13af751cde49316199040bbbdf981d2a021f1623faed50853d,visible source counts then runtime idle,,,,live config fetch during mount,"22:31  up  8:02, 14 users, load averages: 9.53 13.05 16.12","22:31  up  8:02, 14 users, load averages: 8.96 12.82 16.00",
diagnostic,True,r2,header,round4-profile,2026-09-15T05:32:12.477Z,914.8999999985099,50,7a44c46874ff5d13af751cde49316199040bbbdf981d2a021f1623faed50853d,7a44c46874ff5d13af751cde49316199040bbbdf981d2a021f1623faed50853d,visible source counts then runtime idle,,,,live config fetch during mount,"22:32  up  8:03, 14 users, load averages: 6.58 11.65 15.40","22:32  up  8:03, 14 users, load averages: 6.57 11.48 15.30",
diagnostic,True,r4,header,round4-profile,2026-09-15T05:32:21.758Z,769.2999999970198,50,7a44c46874ff5d13af751cde49316199040bbbdf981d2a021f1623faed50853d,7a44c46874ff5d13af751cde49316199040bbbdf981d2a021f1623faed50853d,visible source counts then runtime idle,,,,live config fetch during mount,"22:32  up  8:03, 14 users, load averages: 6.57 11.48 15.30","22:32  up  8:03, 14 users, load averages: 6.37 11.35 15.23",
timing,True,r4,header,round5-1,2026-09-15T05:43:22.719Z,1981.300000000745,50,7a44c46874ff5d13af751cde49316199040bbbdf981d2a021f1623faed50853d,7a44c46874ff5d13af751cde49316199040bbbdf981d2a021f1623faed50853d,visible source counts then runtime idle,,,,live config fetch during mount,"22:43  up  8:14, 14 users, load averages: 18.06 10.83 12.06","22:43  up  8:15, 14 users, load averages: 22.33 12.37 12.59",
timing,True,r4,cf-person-inbox,round5-1,2026-09-15T05:43:47.064Z,217.39999999850988,50,7a44c46874ff5d13af751cde49316199040bbbdf981d2a021f1623faed50853d,7a44c46874ff5d13af751cde49316199040bbbdf981d2a021f1623faed50853d,visible source counts then runtime idle,,,,live config fetch during mount,"22:43  up  8:15, 14 users, load averages: 21.91 12.44 12.62","22:43  up  8:15, 14 users, load averages: 21.83 12.58 12.67",
timing,True,r5,header,round5-1,2026-09-15T05:43:56.131Z,1942.6000000014901,50,7a44c46874ff5d13af751cde49316199040bbbdf981d2a021f1623faed50853d,7a44c46874ff5d13af751cde49316199040bbbdf981d2a021f1623faed50853d,visible source counts then runtime idle,,,,live config fetch during mount,"22:43  up  8:15, 14 users, load averages: 21.83 12.58 12.67","22:44  up  8:15, 14 users, load averages: 25.19 13.85 13.11",
timing,True,r5,cf-person-inbox,round5-1,2026-09-15T05:44:12.257Z,222,50,7a44c46874ff5d13af751cde49316199040bbbdf981d2a021f1623faed50853d,7a44c46874ff5d13af751cde49316199040bbbdf981d2a021f1623faed50853d,visible source counts then runtime idle,,,,live config fetch during mount,"22:44  up  8:15, 14 users, load averages: 25.19 13.85 13.11","22:44  up  8:15, 14 users, load averages: 24.49 14.07 13.20",
timing,True,r5,cf-person-inbox,round5-2,2026-09-15T05:44:25.139Z,225,50,7a44c46874ff5d13af751cde49316199040bbbdf981d2a021f1623faed50853d,7a44c46874ff5d13af751cde49316199040bbbdf981d2a021f1623faed50853d,visible source counts then runtime idle,,,,live config fetch during mount,"22:44  up  8:15, 14 users, load averages: 24.49 14.07 13.20","22:44  up  8:15, 14 users, load averages: 23.26 14.30 13.29",
timing,True,r5,header,round5-2,2026-09-15T05:44:38.187Z,1888,50,7a44c46874ff5d13af751cde49316199040bbbdf981d2a021f1623faed50853d,7a44c46874ff5d13af751cde49316199040bbbdf981d2a021f1623faed50853d,visible source counts then runtime idle,,,,live config fetch during mount,"22:44  up  8:15, 14 users, load averages: 23.26 14.30 13.29","22:44  up  8:16, 14 users, load averages: 26.22 15.42 13.71",
timing,True,r4,cf-person-inbox,round5-2,2026-09-15T05:44:56.613Z,236.5,50,7a44c46874ff5d13af751cde49316199040bbbdf981d2a021f1623faed50853d,7a44c46874ff5d13af751cde49316199040bbbdf981d2a021f1623faed50853d,visible source counts then runtime idle,,,,live config fetch during mount,"22:44  up  8:16, 14 users, load averages: 26.22 15.42 13.71","22:45  up  8:16, 14 users, load averages: 24.23 15.50 13.77",
timing,True,r4,header,round5-2,2026-09-15T05:45:07.958Z,1842.0999999977648,50,7a44c46874ff5d13af751cde49316199040bbbdf981d2a021f1623faed50853d,7a44c46874ff5d13af751cde49316199040bbbdf981d2a021f1623faed50853d,visible source counts then runtime idle,,,,live config fetch during mount,"22:45  up  8:16, 14 users, load averages: 24.23 15.50 13.77","22:45  up  8:16, 14 users, load averages: 22.69 15.57 13.82",
timing,True,r4,header,round5-3,2026-09-15T05:45:24.229Z,2118.400000002235,50,7a44c46874ff5d13af751cde49316199040bbbdf981d2a021f1623faed50853d,7a44c46874ff5d13af751cde49316199040bbbdf981d2a021f1623faed50853d,visible source counts then runtime idle,,,,live config fetch during mount,"22:45  up  8:16, 14 users, load averages: 22.69 15.57 13.82","22:45  up  8:17, 14 users, load averages: 25.67 16.72 14.27",
timing,True,r4,cf-person-inbox,round5-3,2026-09-15T05:45:42.966Z,180.69999999925494,50,7a44c46874ff5d13af751cde49316199040bbbdf981d2a021f1623faed50853d,7a44c46874ff5d13af751cde49316199040bbbdf981d2a021f1623faed50853d,visible source counts then runtime idle,,,,live config fetch during mount,"22:45  up  8:17, 14 users, load averages: 25.67 16.72 14.27","22:45  up  8:17, 14 users, load averages: 24.43 16.74 14.31",
timing,True,r5,header,round5-3,2026-09-15T05:45:53.741Z,1816.8999999985099,50,7a44c46874ff5d13af751cde49316199040bbbdf981d2a021f1623faed50853d,7a44c46874ff5d13af751cde49316199040bbbdf981d2a021f1623faed50853d,visible source counts then runtime idle,,,,live config fetch during mount,"22:45  up  8:17, 14 users, load averages: 24.43 16.74 14.31","22:46  up  8:17, 14 users, load averages: 31.09 18.78 15.10",
timing,False,r5,cf-person-inbox,round5-3,2026-09-15T05:46:14.308Z,,,,7a44c46874ff5d13af751cde49316199040bbbdf981d2a021f1623faed50853d,,,,,live config fetch during mount,"22:46  up  8:17, 14 users, load averages: 31.09 18.78 15.10","22:46  up  8:17, 14 users, load averages: 36.30 20.75 15.89",Error: Pane interaction unavailable: [pattern-pane] mount failed: signal is aborted without reason
diagnostic,True,r5,header,journal-count,2026-09-15T05:46:47.229Z,16854.599999997765,50,7a44c46874ff5d13af751cde49316199040bbbdf981d2a021f1623faed50853d,7a44c46874ff5d13af751cde49316199040bbbdf981d2a021f1623faed50853d,visible source counts then runtime idle,,,,live config fetch during mount,"22:46  up  8:18, 14 users, load averages: 33.22 20.88 16.03","22:47  up  8:18, 14 users, load averages: 22.75 19.62 15.76",
timing,True,r5,cf-person-inbox,round5-4,2026-09-15T05:47:50.011Z,162.09999999776483,50,7a44c46874ff5d13af751cde49316199040bbbdf981d2a021f1623faed50853d,7a44c46874ff5d13af751cde49316199040bbbdf981d2a021f1623faed50853d,visible source counts then runtime idle,,,,live config fetch during mount,"22:47  up  8:19, 14 users, load averages: 18.26 18.80 15.57","22:47  up  8:19, 14 users, load averages: 17.47 18.61 15.54",
timing,True,r5,header,round5-4,2026-09-15T05:47:57.850Z,1918.1000000014901,50,7a44c46874ff5d13af751cde49316199040bbbdf981d2a021f1623faed50853d,7a44c46874ff5d13af751cde49316199040bbbdf981d2a021f1623faed50853d,visible source counts then runtime idle,,,,live config fetch during mount,"22:47  up  8:19, 14 users, load averages: 17.47 18.61 15.54","22:48  up  8:19, 14 users, load averages: 15.70 18.19 15.43",
timing,True,r4,cf-person-inbox,round5-4,2026-09-15T05:48:11.361Z,212,50,7a44c46874ff5d13af751cde49316199040bbbdf981d2a021f1623faed50853d,7a44c46874ff5d13af751cde49316199040bbbdf981d2a021f1623faed50853d,visible source counts then runtime idle,,,,live config fetch during mount,"22:48  up  8:19, 14 users, load averages: 15.70 18.19 15.43","22:48  up  8:19, 14 users, load averages: 17.98 18.60 15.63",
timing,False,r4,header,round5-4,2026-09-15T05:48:24.110Z,,,,7a44c46874ff5d13af751cde49316199040bbbdf981d2a021f1623faed50853d,,,,,live config fetch during mount,"22:48  up  8:19, 14 users, load averages: 17.98 18.60 15.63","22:48  up  8:20, 14 users, load averages: 30.72 21.37 16.68",Error: Pane interaction unavailable: [pattern-pane] mount failed: signal is aborted without reason
timing,False,r4,header,round5-5,2026-09-15T05:50:12.493Z,,,,7a44c46874ff5d13af751cde49316199040bbbdf981d2a021f1623faed50853d,,request-failure-diagnostics,,,live config fetch during mount,"22:50  up  8:21, 14 users, load averages: 57.28 33.48 21.87","22:50  up  8:21, 14 users, load averages: 57.08 34.97 22.67",Error: Pane interaction unavailable: [pattern-pane] mount failed: signal is aborted without reason
timing,True,r4,header,round5b-1,2026-09-15T05:52:14.483Z,1151.7999999970198,50,7a44c46874ff5d13af751cde49316199040bbbdf981d2a021f1623faed50853d,7a44c46874ff5d13af751cde49316199040bbbdf981d2a021f1623faed50853d,visible source counts then runtime idle,request-failure-diagnostics,325.9513750000001,2302c51842be6d2f922dc77db9cff5ecba81a086c00722bf9bf6bb616d59ab5d,actual config captured once before mount; replayed only until runtime idle,"22:52  up  8:23, 14 users, load averages: 29.48 33.40 23.54","22:52  up  8:23, 14 users, load averages: 26.17 32.56 23.36",
timing,True,r4,cf-person-inbox,round5b-1,2026-09-15T05:52:25.046Z,154.80000000074506,50,7a44c46874ff5d13af751cde49316199040bbbdf981d2a021f1623faed50853d,7a44c46874ff5d13af751cde49316199040bbbdf981d2a021f1623faed50853d,visible source counts then runtime idle,request-failure-diagnostics,254.53562499999998,2302c51842be6d2f922dc77db9cff5ecba81a086c00722bf9bf6bb616d59ab5d,actual config captured once before mount; replayed only until runtime idle,"22:52  up  8:23, 14 users, load averages: 26.17 32.56 23.36","22:52  up  8:23, 14 users, load averages: 24.96 32.20 23.29",
timing,True,r5,header,round5b-1,2026-09-15T05:52:30.055Z,1250.0999999977648,50,7a44c46874ff5d13af751cde49316199040bbbdf981d2a021f1623faed50853d,7a44c46874ff5d13af751cde49316199040bbbdf981d2a021f1623faed50853d,visible source counts then runtime idle,request-failure-diagnostics,304.06274999999994,2302c51842be6d2f922dc77db9cff5ecba81a086c00722bf9bf6bb616d59ab5d,actual config captured once before mount; replayed only until runtime idle,"22:52  up  8:23, 14 users, load averages: 24.96 32.20 23.29","22:52  up  8:23, 14 users, load averages: 21.72 31.27 23.06",
timing,True,r5,cf-person-inbox,round5b-1,2026-09-15T05:52:40.788Z,234.30000000074506,50,7a44c46874ff5d13af751cde49316199040bbbdf981d2a021f1623faed50853d,7a44c46874ff5d13af751cde49316199040bbbdf981d2a021f1623faed50853d,visible source counts then runtime idle,request-failure-diagnostics,258.20795799999996,2302c51842be6d2f922dc77db9cff5ecba81a086c00722bf9bf6bb616d59ab5d,actual config captured once before mount; replayed only until runtime idle,"22:52  up  8:23, 14 users, load averages: 21.72 31.27 23.06","22:52  up  8:24, 14 users, load averages: 19.69 30.52 22.89",
timing,True,r5,cf-person-inbox,round5b-2,2026-09-15T05:52:48.353Z,86.10000000149012,50,7a44c46874ff5d13af751cde49316199040bbbdf981d2a021f1623faed50853d,7a44c46874ff5d13af751cde49316199040bbbdf981d2a021f1623faed50853d,visible source counts then runtime idle,request-failure-diagnostics,246.243083,2302c51842be6d2f922dc77db9cff5ecba81a086c00722bf9bf6bb616d59ab5d,actual config captured once before mount; replayed only until runtime idle,"22:52  up  8:24, 14 users, load averages: 19.69 30.52 22.89","22:52  up  8:24, 14 users, load averages: 18.67 30.13 22.80",
timing,True,r5,header,round5b-2,2026-09-15T05:52:55.603Z,868.7999999970198,50,7a44c46874ff5d13af751cde49316199040bbbdf981d2a021f1623faed50853d,7a44c46874ff5d13af751cde49316199040bbbdf981d2a021f1623faed50853d,visible source counts then runtime idle,request-failure-diagnostics,320.87854200000004,2302c51842be6d2f922dc77db9cff5ecba81a086c00722bf9bf6bb616d59ab5d,actual config captured once before mount; replayed only until runtime idle,"22:52  up  8:24, 14 users, load averages: 18.67 30.13 22.80","22:53  up  8:24, 14 users, load averages: 17.33 29.47 22.65",
timing,True,r4,cf-person-inbox,round5b-2,2026-09-15T05:53:02.338Z,116.59999999776483,50,7a44c46874ff5d13af751cde49316199040bbbdf981d2a021f1623faed50853d,7a44c46874ff5d13af751cde49316199040bbbdf981d2a021f1623faed50853d,visible source counts then runtime idle,request-failure-diagnostics,332.380709,2302c51842be6d2f922dc77db9cff5ecba81a086c00722bf9bf6bb616d59ab5d,actual config captured once before mount; replayed only until runtime idle,"22:53  up  8:24, 14 users, load averages: 17.33 29.47 22.65","22:53  up  8:24, 14 users, load averages: 17.33 29.47 22.65",
timing,True,r4,header,round5b-2,2026-09-15T05:53:06.336Z,784.0999999977648,50,7a44c46874ff5d13af751cde49316199040bbbdf981d2a021f1623faed50853d,7a44c46874ff5d13af751cde49316199040bbbdf981d2a021f1623faed50853d,visible source counts then runtime idle,request-failure-diagnostics,366.028,2302c51842be6d2f922dc77db9cff5ecba81a086c00722bf9bf6bb616d59ab5d,actual config captured once before mount; replayed only until runtime idle,"22:53  up  8:24, 14 users, load averages: 17.33 29.47 22.65","22:53  up  8:24, 14 users, load averages: 15.73 28.73 22.46",
timing,True,r4,header,round5b-3,2026-09-15T05:53:14.027Z,796.2000000029802,50,7a44c46874ff5d13af751cde49316199040bbbdf981d2a021f1623faed50853d,7a44c46874ff5d13af751cde49316199040bbbdf981d2a021f1623faed50853d,visible source counts then runtime idle,request-failure-diagnostics,339.276917,2302c51842be6d2f922dc77db9cff5ecba81a086c00722bf9bf6bb616d59ab5d,actual config captured once before mount; replayed only until runtime idle,"22:53  up  8:24, 14 users, load averages: 15.73 28.73 22.46","22:53  up  8:24, 14 users, load averages: 14.87 28.33 22.36",
timing,True,r4,cf-person-inbox,round5b-3,2026-09-15T05:53:20.154Z,99.69999999925494,50,7a44c46874ff5d13af751cde49316199040bbbdf981d2a021f1623faed50853d,7a44c46874ff5d13af751cde49316199040bbbdf981d2a021f1623faed50853d,visible source counts then runtime idle,request-failure-diagnostics,287.706125,2302c51842be6d2f922dc77db9cff5ecba81a086c00722bf9bf6bb616d59ab5d,actual config captured once before mount; replayed only until runtime idle,"22:53  up  8:24, 14 users, load averages: 14.87 28.33 22.36","22:53  up  8:24, 14 users, load averages: 14.08 27.95 22.26",
timing,True,r5,header,round5b-3,2026-09-15T05:53:23.944Z,779.3999999985099,50,7a44c46874ff5d13af751cde49316199040bbbdf981d2a021f1623faed50853d,7a44c46874ff5d13af751cde49316199040bbbdf981d2a021f1623faed50853d,visible source counts then runtime idle,request-failure-diagnostics,233.10470800000002,2302c51842be6d2f922dc77db9cff5ecba81a086c00722bf9bf6bb616d59ab5d,actual config captured once before mount; replayed only until runtime idle,"22:53  up  8:24, 14 users, load averages: 14.08 27.95 22.26","22:53  up  8:24, 14 users, load averages: 13.19 27.53 22.14",
timing,True,r5,cf-person-inbox,round5b-3,2026-09-15T05:53:31.339Z,120.70000000298023,50,7a44c46874ff5d13af751cde49316199040bbbdf981d2a021f1623faed50853d,7a44c46874ff5d13af751cde49316199040bbbdf981d2a021f1623faed50853d,visible source counts then runtime idle,request-failure-diagnostics,199.93925000000002,2302c51842be6d2f922dc77db9cff5ecba81a086c00722bf9bf6bb616d59ab5d,actual config captured once before mount; replayed only until runtime idle,"22:53  up  8:24, 14 users, load averages: 13.19 27.53 22.14","22:53  up  8:24, 14 users, load averages: 12.38 27.12 22.03",
timing,True,start,header,final-1,2026-09-15T05:53:55.537Z,1603,50,7a44c46874ff5d13af751cde49316199040bbbdf981d2a021f1623faed50853d,7a44c46874ff5d13af751cde49316199040bbbdf981d2a021f1623faed50853d,visible source counts then runtime idle,request-failure-diagnostics,289.020583,2302c51842be6d2f922dc77db9cff5ecba81a086c00722bf9bf6bb616d59ab5d,actual config captured once before mount; replayed only until runtime idle,"22:53  up  8:25, 14 users, load averages: 10.91 25.83 21.69","22:54  up  8:25, 14 users, load averages: 10.83 25.09 21.49",
timing,True,start,cf-person-inbox,final-1,2026-09-15T05:54:07.592Z,169.70000000298023,50,7a44c46874ff5d13af751cde49316199040bbbdf981d2a021f1623faed50853d,7a44c46874ff5d13af751cde49316199040bbbdf981d2a021f1623faed50853d,visible source counts then runtime idle,request-failure-diagnostics,267.45325,2302c51842be6d2f922dc77db9cff5ecba81a086c00722bf9bf6bb616d59ab5d,actual config captured once before mount; replayed only until runtime idle,"22:54  up  8:25, 14 users, load averages: 10.83 25.09 21.49","22:54  up  8:25, 14 users, load averages: 12.77 25.25 21.57",
timing,True,r4,header,final-1,2026-09-15T05:54:14.235Z,998.8999999985099,50,7a44c46874ff5d13af751cde49316199040bbbdf981d2a021f1623faed50853d,7a44c46874ff5d13af751cde49316199040bbbdf981d2a021f1623faed50853d,visible source counts then runtime idle,request-failure-diagnostics,237.30316600000003,2302c51842be6d2f922dc77db9cff5ecba81a086c00722bf9bf6bb616d59ab5d,actual config captured once before mount; replayed only until runtime idle,"22:54  up  8:25, 14 users, load averages: 12.77 25.25 21.57","22:54  up  8:25, 14 users, load averages: 14.78 25.28 21.62",
timing,True,r4,cf-person-inbox,final-1,2026-09-15T05:54:22.390Z,139.20000000298023,50,7a44c46874ff5d13af751cde49316199040bbbdf981d2a021f1623faed50853d,7a44c46874ff5d13af751cde49316199040bbbdf981d2a021f1623faed50853d,visible source counts then runtime idle,request-failure-diagnostics,221.848167,2302c51842be6d2f922dc77db9cff5ecba81a086c00722bf9bf6bb616d59ab5d,actual config captured once before mount; replayed only until runtime idle,"22:54  up  8:25, 14 users, load averages: 14.78 25.28 21.62","22:54  up  8:25, 14 users, load averages: 14.78 25.28 21.62",
timing,True,r4,cf-person-inbox,final-2,2026-09-15T05:54:27.123Z,184.90000000223517,50,7a44c46874ff5d13af751cde49316199040bbbdf981d2a021f1623faed50853d,7a44c46874ff5d13af751cde49316199040bbbdf981d2a021f1623faed50853d,visible source counts then runtime idle,request-failure-diagnostics,304.722625,2302c51842be6d2f922dc77db9cff5ecba81a086c00722bf9bf6bb616d59ab5d,actual config captured once before mount; replayed only until runtime idle,"22:54  up  8:25, 14 users, load averages: 16.16 25.39 21.69","22:54  up  8:25, 14 users, load averages: 16.16 25.39 21.69",
timing,True,r4,header,final-2,2026-09-15T05:54:32.147Z,950.1000000014901,50,7a44c46874ff5d13af751cde49316199040bbbdf981d2a021f1623faed50853d,7a44c46874ff5d13af751cde49316199040bbbdf981d2a021f1623faed50853d,visible source counts then runtime idle,request-failure-diagnostics,318.46812500000004,2302c51842be6d2f922dc77db9cff5ecba81a086c00722bf9bf6bb616d59ab5d,actual config captured once before mount; replayed only until runtime idle,"22:54  up  8:25, 14 users, load averages: 17.19 25.45 21.73","22:54  up  8:26, 14 users, load averages: 18.85 25.66 21.82",
timing,True,start,cf-person-inbox,final-2,2026-09-15T05:54:41.988Z,1484.5,50,7a44c46874ff5d13af751cde49316199040bbbdf981d2a021f1623faed50853d,7a44c46874ff5d13af751cde49316199040bbbdf981d2a021f1623faed50853d,visible source counts then runtime idle,request-failure-diagnostics,259.68804200000005,2302c51842be6d2f922dc77db9cff5ecba81a086c00722bf9bf6bb616d59ab5d,actual config captured once before mount; replayed only until runtime idle,"22:54  up  8:26, 14 users, load averages: 19.51 25.68 21.85","22:54  up  8:26, 14 users, load averages: 23.17 26.26 22.11",
timing,True,start,header,final-2,2026-09-15T05:54:54.301Z,1445.4000000022352,50,7a44c46874ff5d13af751cde49316199040bbbdf981d2a021f1623faed50853d,7a44c46874ff5d13af751cde49316199040bbbdf981d2a021f1623faed50853d,visible source counts then runtime idle,request-failure-diagnostics,415.826583,2302c51842be6d2f922dc77db9cff5ecba81a086c00722bf9bf6bb616d59ab5d,actual config captured once before mount; replayed only until runtime idle,"22:54  up  8:26, 14 users, load averages: 23.17 26.26 22.11","22:55  up  8:26, 14 users, load averages: 22.18 25.96 22.04",
timing,True,start,header,final-3,2026-09-15T05:55:05.456Z,1737.3999999985099,50,7a44c46874ff5d13af751cde49316199040bbbdf981d2a021f1623faed50853d,7a44c46874ff5d13af751cde49316199040bbbdf981d2a021f1623faed50853d,visible source counts then runtime idle,request-failure-diagnostics,308.04325000000006,2302c51842be6d2f922dc77db9cff5ecba81a086c00722bf9bf6bb616d59ab5d,actual config captured once before mount; replayed only until runtime idle,"22:55  up  8:26, 14 users, load averages: 22.18 25.96 22.04","22:55  up  8:26, 14 users, load averages: 20.06 25.30 21.88",
timing,False,start,cf-person-inbox,final-3,2026-09-15T05:55:18.710Z,179,50,043cd612f9658f02c496cf28ee535aec40cb5e25c0405e6414f6e72f84b15d28,7a44c46874ff5d13af751cde49316199040bbbdf981d2a021f1623faed50853d,visible source counts then runtime idle,request-failure-diagnostics,304.63425000000007,2302c51842be6d2f922dc77db9cff5ecba81a086c00722bf9bf6bb616d59ab5d,actual config captured once before mount; replayed only until runtime idle,"22:55  up  8:26, 14 users, load averages: 20.06 25.30 21.88","22:55  up  8:26, 14 users, load averages: 18.44 24.78 21.74",Error: visible bubble content differs from control
timing,False,start,header,final2-1,2026-09-15T06:14:52.924Z,1071.9000000022352,50,043cd612f9658f02c496cf28ee535aec40cb5e25c0405e6414f6e72f84b15d28,4e80493394df3580d694e3732d3fcb6f847b341f3c766cbef915ddfe711f2664,visible source counts then runtime idle,request-failure-diagnostics,219.809958,2302c51842be6d2f922dc77db9cff5ecba81a086c00722bf9bf6bb616d59ab5d,actual config captured once before mount; replayed only until runtime idle,"23:14  up  8:46, 14 users, load averages: 6.39 7.13 10.99","23:15  up  8:46, 14 users, load averages: 7.40 7.32 11.03",Error: visible bubble content differs from control
timing,True,start,header,final3-1,2026-09-15T06:16:21.999Z,2211.89999999851,50,043cd612f9658f02c496cf28ee535aec40cb5e25c0405e6414f6e72f84b15d28,043cd612f9658f02c496cf28ee535aec40cb5e25c0405e6414f6e72f84b15d28,visible source counts then runtime idle,request-failure-diagnostics,324.06220800000006,2302c51842be6d2f922dc77db9cff5ecba81a086c00722bf9bf6bb616d59ab5d,actual config captured once before mount; replayed only until runtime idle,"23:16  up  8:47, 14 users, load averages: 6.44 6.96 10.55","23:16  up  8:47, 14 users, load averages: 6.48 6.94 10.48",
timing,True,start,cf-person-inbox,final3-1,2026-09-15T06:16:36.076Z,148.09999999776483,50,043cd612f9658f02c496cf28ee535aec40cb5e25c0405e6414f6e72f84b15d28,043cd612f9658f02c496cf28ee535aec40cb5e25c0405e6414f6e72f84b15d28,visible source counts then runtime idle,request-failure-diagnostics,293.1204159999999,2302c51842be6d2f922dc77db9cff5ecba81a086c00722bf9bf6bb616d59ab5d,actual config captured once before mount; replayed only until runtime idle,"23:16  up  8:47, 14 users, load averages: 6.48 6.94 10.48","23:16  up  8:47, 14 users, load averages: 6.44 6.93 10.46",
timing,True,r4,header,final3-1,2026-09-15T06:16:40.544Z,1348.300000000745,50,043cd612f9658f02c496cf28ee535aec40cb5e25c0405e6414f6e72f84b15d28,043cd612f9658f02c496cf28ee535aec40cb5e25c0405e6414f6e72f84b15d28,visible source counts then runtime idle,request-failure-diagnostics,218.98724999999996,2302c51842be6d2f922dc77db9cff5ecba81a086c00722bf9bf6bb616d59ab5d,actual config captured once before mount; replayed only until runtime idle,"23:16  up  8:47, 14 users, load averages: 6.44 6.93 10.46","23:16  up  8:48, 14 users, load averages: 6.60 6.94 10.42",
timing,True,r4,cf-person-inbox,final3-1,2026-09-15T06:16:51.147Z,143.39999999850988,50,043cd612f9658f02c496cf28ee535aec40cb5e25c0405e6414f6e72f84b15d28,043cd612f9658f02c496cf28ee535aec40cb5e25c0405e6414f6e72f84b15d28,visible source counts then runtime idle,request-failure-diagnostics,286.34525,2302c51842be6d2f922dc77db9cff5ecba81a086c00722bf9bf6bb616d59ab5d,actual config captured once before mount; replayed only until runtime idle,"23:16  up  8:48, 14 users, load averages: 6.60 6.94 10.42","23:16  up  8:48, 14 users, load averages: 6.63 6.94 10.40",
timing,True,r4,cf-person-inbox,final3-2,2026-09-15T06:16:56.742Z,274.9000000022352,50,043cd612f9658f02c496cf28ee535aec40cb5e25c0405e6414f6e72f84b15d28,043cd612f9658f02c496cf28ee535aec40cb5e25c0405e6414f6e72f84b15d28,visible source counts then runtime idle,request-failure-diagnostics,380.2304580000001,2302c51842be6d2f922dc77db9cff5ecba81a086c00722bf9bf6bb616d59ab5d,actual config captured once before mount; replayed only until runtime idle,"23:16  up  8:48, 14 users, load averages: 6.63 6.94 10.40","23:17  up  8:48, 14 users, load averages: 7.32 7.08 10.39",
timing,True,r4,header,final3-2,2026-09-15T06:17:09.297Z,1274.7999999970198,50,043cd612f9658f02c496cf28ee535aec40cb5e25c0405e6414f6e72f84b15d28,043cd612f9658f02c496cf28ee535aec40cb5e25c0405e6414f6e72f84b15d28,visible source counts then runtime idle,request-failure-diagnostics,308.95325,2302c51842be6d2f922dc77db9cff5ecba81a086c00722bf9bf6bb616d59ab5d,actual config captured once before mount; replayed only until runtime idle,"23:17  up  8:48, 14 users, load averages: 7.32 7.08 10.39","23:17  up  8:48, 14 users, load averages: 7.55 7.14 10.37",
timing,True,start,cf-person-inbox,final3-2,2026-09-15T06:17:21.112Z,170.40000000223517,50,043cd612f9658f02c496cf28ee535aec40cb5e25c0405e6414f6e72f84b15d28,043cd612f9658f02c496cf28ee535aec40cb5e25c0405e6414f6e72f84b15d28,visible source counts then runtime idle,request-failure-diagnostics,300.589,2302c51842be6d2f922dc77db9cff5ecba81a086c00722bf9bf6bb616d59ab5d,actual config captured once before mount; replayed only until runtime idle,"23:17  up  8:48, 14 users, load averages: 7.55 7.14 10.37","23:17  up  8:48, 14 users, load averages: 7.97 7.25 10.35",
timing,True,start,header,final3-2,2026-09-15T06:17:35.807Z,1298.199999999255,50,043cd612f9658f02c496cf28ee535aec40cb5e25c0405e6414f6e72f84b15d28,043cd612f9658f02c496cf28ee535aec40cb5e25c0405e6414f6e72f84b15d28,visible source counts then runtime idle,request-failure-diagnostics,393.43066699999997,2302c51842be6d2f922dc77db9cff5ecba81a086c00722bf9bf6bb616d59ab5d,actual config captured once before mount; replayed only until runtime idle,"23:17  up  8:48, 14 users, load averages: 7.97 7.25 10.35","23:17  up  8:49, 14 users, load averages: 7.59 7.19 10.30",
timing,True,start,header,final3-3,2026-09-15T06:17:47.803Z,2459.300000000745,50,043cd612f9658f02c496cf28ee535aec40cb5e25c0405e6414f6e72f84b15d28,043cd612f9658f02c496cf28ee535aec40cb5e25c0405e6414f6e72f84b15d28,visible source counts then runtime idle,request-failure-diagnostics,242.59625,2302c51842be6d2f922dc77db9cff5ecba81a086c00722bf9bf6bb616d59ab5d,actual config captured once before mount; replayed only until runtime idle,"23:17  up  8:49, 14 users, load averages: 7.59 7.19 10.30","23:18  up  8:49, 14 users, load averages: 7.31 7.15 10.23",
timing,True,start,cf-person-inbox,final3-3,2026-09-15T06:18:01.910Z,119.10000000149012,50,043cd612f9658f02c496cf28ee535aec40cb5e25c0405e6414f6e72f84b15d28,043cd612f9658f02c496cf28ee535aec40cb5e25c0405e6414f6e72f84b15d28,visible source counts then runtime idle,request-failure-diagnostics,524.019375,2302c51842be6d2f922dc77db9cff5ecba81a086c00722bf9bf6bb616d59ab5d,actual config captured once before mount; replayed only until runtime idle,"23:18  up  8:49, 14 users, load averages: 7.31 7.15 10.23","23:18  up  8:49, 14 users, load averages: 7.18 7.12 10.18",
timing,True,r4,header,final3-3,2026-09-15T06:18:08.261Z,973.3999999985099,50,043cd612f9658f02c496cf28ee535aec40cb5e25c0405e6414f6e72f84b15d28,043cd612f9658f02c496cf28ee535aec40cb5e25c0405e6414f6e72f84b15d28,visible source counts then runtime idle,request-failure-diagnostics,211.14583299999998,2302c51842be6d2f922dc77db9cff5ecba81a086c00722bf9bf6bb616d59ab5d,actual config captured once before mount; replayed only until runtime idle,"23:18  up  8:49, 14 users, load averages: 7.18 7.12 10.18","23:18  up  8:49, 14 users, load averages: 6.92 7.07 10.15",
timing,True,r4,cf-person-inbox,final3-3,2026-09-15T06:18:15.821Z,116,50,043cd612f9658f02c496cf28ee535aec40cb5e25c0405e6414f6e72f84b15d28,043cd612f9658f02c496cf28ee535aec40cb5e25c0405e6414f6e72f84b15d28,visible source counts then runtime idle,request-failure-diagnostics,197.76683300000008,2302c51842be6d2f922dc77db9cff5ecba81a086c00722bf9bf6bb616d59ab5d,actual config captured once before mount; replayed only until runtime idle,"23:18  up  8:49, 14 users, load averages: 6.92 7.07 10.15","23:18  up  8:49, 14 users, load averages: 7.01 7.09 10.13",
